comparison,product,rank,year,hwmid_sum,hwmid_method,country_cells,period_end,includes_2026
completed_1950_2025,E-OBS,1,2003,25287.0,russo2015-noleap365-v1,1790,2025-12-31,False
completed_1950_2025,E-OBS,2,2019,10910.798,russo2015-noleap365-v1,1790,2025-12-31,False
completed_1950_2025,E-OBS,3,2025,9279.456,russo2015-noleap365-v1,1790,2025-12-31,False
completed_1950_2025,E-OBS,4,2020,8193.442,russo2015-noleap365-v1,1790,2025-12-31,False
completed_1950_2025,E-OBS,5,2022,7681.0645,russo2015-noleap365-v1,1790,2025-12-31,False
completed_1950_2025,E-OBS,6,2015,7202.564,russo2015-noleap365-v1,1790,2025-12-31,False
completed_1950_2025,E-OBS,7,2023,7104.113,russo2015-noleap365-v1,1790,2025-12-31,False
completed_1950_2025,E-OBS,8,2018,6189.2607,russo2015-noleap365-v1,1790,2025-12-31,False
completed_1950_2025,E-OBS,9,1952,5378.6147,russo2015-noleap365-v1,1790,2025-12-31,False
completed_1950_2025,E-OBS,10,1976,5298.2593,russo2015-noleap365-v1,1790,2025-12-31,False
completed_1950_2025,ERA5,1,2003,24925.648,russo2015-noleap365-v1,1779,2025-12-31,False
completed_1950_2025,ERA5,2,2025,12593.876,russo2015-noleap365-v1,1779,2025-12-31,False
completed_1950_2025,ERA5,3,2019,11156.703,russo2015-noleap365-v1,1779,2025-12-31,False
completed_1950_2025,ERA5,4,2022,8660.085,russo2015-noleap365-v1,1779,2025-12-31,False
completed_1950_2025,ERA5,5,2023,7808.4365,russo2015-noleap365-v1,1779,2025-12-31,False
completed_1950_2025,ERA5,6,2015,7471.203,russo2015-noleap365-v1,1779,2025-12-31,False
completed_1950_2025,ERA5,7,2020,7374.457,russo2015-noleap365-v1,1779,2025-12-31,False
completed_1950_2025,ERA5,8,2018,5661.842,russo2015-noleap365-v1,1779,2025-12-31,False
completed_1950_2025,ERA5,9,1976,5134.3374,russo2015-noleap365-v1,1779,2025-12-31,False
completed_1950_2025,ERA5,10,2006,4877.785,russo2015-noleap365-v1,1779,2025-12-31,False
completed_1950_2025,NOAA CORe,1,2003,3195.58,russo2015-noleap365-v1,223,2025-12-31,False
completed_1950_2025,NOAA CORe,2,2019,1163.8391,russo2015-noleap365-v1,223,2025-12-31,False
completed_1950_2025,NOAA CORe,3,2020,990.7486,russo2015-noleap365-v1,223,2025-12-31,False
completed_1950_2025,NOAA CORe,4,2025,960.8854,russo2015-noleap365-v1,223,2025-12-31,False
completed_1950_2025,NOAA CORe,5,2015,698.6668,russo2015-noleap365-v1,223,2025-12-31,False
completed_1950_2025,NOAA CORe,6,2023,679.4108,russo2015-noleap365-v1,223,2025-12-31,False
completed_1950_2025,NOAA CORe,7,2012,603.0158,russo2015-noleap365-v1,223,2025-12-31,False
completed_1950_2025,NOAA CORe,8,1998,599.12537,russo2015-noleap365-v1,223,2025-12-31,False
completed_1950_2025,NOAA CORe,9,1994,589.12256,russo2015-noleap365-v1,223,2025-12-31,False
completed_1950_2025,NOAA CORe,10,2006,476.7808,russo2015-noleap365-v1,223,2025-12-31,False
including_2026,E-OBS,1,2003,25287.0,russo2015-noleap365-v1,1790,2025-12-31,False
including_2026,E-OBS,2,2019,10910.798,russo2015-noleap365-v1,1790,2025-12-31,False
including_2026,E-OBS,3,2025,9279.456,russo2015-noleap365-v1,1790,2025-12-31,False
including_2026,E-OBS,4,2020,8193.442,russo2015-noleap365-v1,1790,2025-12-31,False
including_2026,E-OBS,5,2022,7681.0645,russo2015-noleap365-v1,1790,2025-12-31,False
including_2026,E-OBS,6,2015,7202.564,russo2015-noleap365-v1,1790,2025-12-31,False
including_2026,E-OBS,7,2023,7104.113,russo2015-noleap365-v1,1790,2025-12-31,False
including_2026,E-OBS,8,2018,6189.2607,russo2015-noleap365-v1,1790,2025-12-31,False
including_2026,E-OBS,9,1952,5378.6147,russo2015-noleap365-v1,1790,2025-12-31,False
including_2026,E-OBS,10,1976,5298.2593,russo2015-noleap365-v1,1790,2025-12-31,False
including_2026,ERA5,1,2003,24925.648,russo2015-noleap365-v1,1779,2026-07-01,True
including_2026,ERA5,2,2026,24441.555,russo2015-noleap365-v1,1779,2026-07-01,True
including_2026,ERA5,3,2025,12593.876,russo2015-noleap365-v1,1779,2026-07-01,True
including_2026,ERA5,4,2019,11156.703,russo2015-noleap365-v1,1779,2026-07-01,True
including_2026,ERA5,5,2022,8660.085,russo2015-noleap365-v1,1779,2026-07-01,True
including_2026,ERA5,6,2023,7808.4365,russo2015-noleap365-v1,1779,2026-07-01,True
including_2026,ERA5,7,2015,7471.203,russo2015-noleap365-v1,1779,2026-07-01,True
including_2026,ERA5,8,2020,7374.457,russo2015-noleap365-v1,1779,2026-07-01,True
including_2026,ERA5,9,2018,5661.842,russo2015-noleap365-v1,1779,2026-07-01,True
including_2026,ERA5,10,1976,5134.3374,russo2015-noleap365-v1,1779,2026-07-01,True
including_2026,NOAA CORe,1,2003,3195.58,russo2015-noleap365-v1,223,2026-07-01,True
including_2026,NOAA CORe,2,2026,3001.1206,russo2015-noleap365-v1,223,2026-07-01,True
including_2026,NOAA CORe,3,2019,1163.8391,russo2015-noleap365-v1,223,2026-07-01,True
including_2026,NOAA CORe,4,2020,990.7486,russo2015-noleap365-v1,223,2026-07-01,True
including_2026,NOAA CORe,5,2025,960.8854,russo2015-noleap365-v1,223,2026-07-01,True
including_2026,NOAA CORe,6,2015,698.6668,russo2015-noleap365-v1,223,2026-07-01,True
including_2026,NOAA CORe,7,2023,679.4108,russo2015-noleap365-v1,223,2026-07-01,True
including_2026,NOAA CORe,8,2012,603.0158,russo2015-noleap365-v1,223,2026-07-01,True
including_2026,NOAA CORe,9,1998,599.12537,russo2015-noleap365-v1,223,2026-07-01,True
including_2026,NOAA CORe,10,1994,589.12256,russo2015-noleap365-v1,223,2026-07-01,True
