data_product,rank,year,hwmid_sum,hwmid_method,country_cells,countries,source_file_count,source_file_names
NOAA CORe,1,2003,3195.58,russo2015-noleap365-v1,223,Germany+France,77,core_t2m_max_europe_1950.nc;core_t2m_max_europe_1951.nc;core_t2m_max_europe_1952.nc;core_t2m_max_europe_1953.nc;core_t2m_max_europe_1954.nc;core_t2m_max_europe_1955.nc;core_t2m_max_europe_1956.nc;core_t2m_max_europe_1957.nc;core_t2m_max_europe_1958.nc;core_t2m_max_europe_1959.nc;core_t2m_max_europe_1960.nc;core_t2m_max_europe_1961.nc;core_t2m_max_europe_1962.nc;core_t2m_max_europe_1963.nc;core_t2m_max_europe_1964.nc;core_t2m_max_europe_1965.nc;core_t2m_max_europe_1966.nc;core_t2m_max_europe_1967.nc;core_t2m_max_europe_1968.nc;core_t2m_max_europe_1969.nc;core_t2m_max_europe_1970.nc;core_t2m_max_europe_1971.nc;core_t2m_max_europe_1972.nc;core_t2m_max_europe_1973.nc;core_t2m_max_europe_1974.nc;core_t2m_max_europe_1975.nc;core_t2m_max_europe_1976.nc;core_t2m_max_europe_1977.nc;core_t2m_max_europe_1978.nc;core_t2m_max_europe_1979.nc;core_t2m_max_europe_1980.nc;core_t2m_max_europe_1981.nc;core_t2m_max_europe_1982.nc;core_t2m_max_europe_1983.nc;core_t2m_max_europe_1984.nc;core_t2m_max_europe_1985.nc;core_t2m_max_europe_1986.nc;core_t2m_max_europe_1987.nc;core_t2m_max_europe_1988.nc;core_t2m_max_europe_1989.nc;core_t2m_max_europe_1990.nc;core_t2m_max_europe_1991.nc;core_t2m_max_europe_1992.nc;core_t2m_max_europe_1993.nc;core_t2m_max_europe_1994.nc;core_t2m_max_europe_1995.nc;core_t2m_max_europe_1996.nc;core_t2m_max_europe_1997.nc;core_t2m_max_europe_1998.nc;core_t2m_max_europe_1999.nc;core_t2m_max_europe_2000.nc;core_t2m_max_europe_2001.nc;core_t2m_max_europe_2002.nc;core_t2m_max_europe_2003.nc;core_t2m_max_europe_2004.nc;core_t2m_max_europe_2005.nc;core_t2m_max_europe_2006.nc;core_t2m_max_europe_2007.nc;core_t2m_max_europe_2008.nc;core_t2m_max_europe_2009.nc;core_t2m_max_europe_2010.nc;core_t2m_max_europe_2011.nc;core_t2m_max_europe_2012.nc;core_t2m_max_europe_2013.nc;core_t2m_max_europe_2014.nc;core_t2m_max_europe_2015.nc;core_t2m_max_europe_2016.nc;core_t2m_max_europe_2017.nc;core_t2m_max_europe_2018.nc;core_t2m_max_europe_2019.nc;core_t2m_max_europe_2020.nc;core_t2m_max_europe_2021.nc;core_t2m_max_europe_2022.nc;core_t2m_max_europe_2023.nc;core_t2m_max_europe_2024.nc;core_t2m_max_europe_2025.nc;core_t2m_max_europe_2026_through_20260831.nc
NOAA CORe,2,2019,1163.8391,russo2015-noleap365-v1,223,Germany+France,77,core_t2m_max_europe_1950.nc;core_t2m_max_europe_1951.nc;core_t2m_max_europe_1952.nc;core_t2m_max_europe_1953.nc;core_t2m_max_europe_1954.nc;core_t2m_max_europe_1955.nc;core_t2m_max_europe_1956.nc;core_t2m_max_europe_1957.nc;core_t2m_max_europe_1958.nc;core_t2m_max_europe_1959.nc;core_t2m_max_europe_1960.nc;core_t2m_max_europe_1961.nc;core_t2m_max_europe_1962.nc;core_t2m_max_europe_1963.nc;core_t2m_max_europe_1964.nc;core_t2m_max_europe_1965.nc;core_t2m_max_europe_1966.nc;core_t2m_max_europe_1967.nc;core_t2m_max_europe_1968.nc;core_t2m_max_europe_1969.nc;core_t2m_max_europe_1970.nc;core_t2m_max_europe_1971.nc;core_t2m_max_europe_1972.nc;core_t2m_max_europe_1973.nc;core_t2m_max_europe_1974.nc;core_t2m_max_europe_1975.nc;core_t2m_max_europe_1976.nc;core_t2m_max_europe_1977.nc;core_t2m_max_europe_1978.nc;core_t2m_max_europe_1979.nc;core_t2m_max_europe_1980.nc;core_t2m_max_europe_1981.nc;core_t2m_max_europe_1982.nc;core_t2m_max_europe_1983.nc;core_t2m_max_europe_1984.nc;core_t2m_max_europe_1985.nc;core_t2m_max_europe_1986.nc;core_t2m_max_europe_1987.nc;core_t2m_max_europe_1988.nc;core_t2m_max_europe_1989.nc;core_t2m_max_europe_1990.nc;core_t2m_max_europe_1991.nc;core_t2m_max_europe_1992.nc;core_t2m_max_europe_1993.nc;core_t2m_max_europe_1994.nc;core_t2m_max_europe_1995.nc;core_t2m_max_europe_1996.nc;core_t2m_max_europe_1997.nc;core_t2m_max_europe_1998.nc;core_t2m_max_europe_1999.nc;core_t2m_max_europe_2000.nc;core_t2m_max_europe_2001.nc;core_t2m_max_europe_2002.nc;core_t2m_max_europe_2003.nc;core_t2m_max_europe_2004.nc;core_t2m_max_europe_2005.nc;core_t2m_max_europe_2006.nc;core_t2m_max_europe_2007.nc;core_t2m_max_europe_2008.nc;core_t2m_max_europe_2009.nc;core_t2m_max_europe_2010.nc;core_t2m_max_europe_2011.nc;core_t2m_max_europe_2012.nc;core_t2m_max_europe_2013.nc;core_t2m_max_europe_2014.nc;core_t2m_max_europe_2015.nc;core_t2m_max_europe_2016.nc;core_t2m_max_europe_2017.nc;core_t2m_max_europe_2018.nc;core_t2m_max_europe_2019.nc;core_t2m_max_europe_2020.nc;core_t2m_max_europe_2021.nc;core_t2m_max_europe_2022.nc;core_t2m_max_europe_2023.nc;core_t2m_max_europe_2024.nc;core_t2m_max_europe_2025.nc;core_t2m_max_europe_2026_through_20260831.nc
NOAA CORe,3,2020,990.7486,russo2015-noleap365-v1,223,Germany+France,77,core_t2m_max_europe_1950.nc;core_t2m_max_europe_1951.nc;core_t2m_max_europe_1952.nc;core_t2m_max_europe_1953.nc;core_t2m_max_europe_1954.nc;core_t2m_max_europe_1955.nc;core_t2m_max_europe_1956.nc;core_t2m_max_europe_1957.nc;core_t2m_max_europe_1958.nc;core_t2m_max_europe_1959.nc;core_t2m_max_europe_1960.nc;core_t2m_max_europe_1961.nc;core_t2m_max_europe_1962.nc;core_t2m_max_europe_1963.nc;core_t2m_max_europe_1964.nc;core_t2m_max_europe_1965.nc;core_t2m_max_europe_1966.nc;core_t2m_max_europe_1967.nc;core_t2m_max_europe_1968.nc;core_t2m_max_europe_1969.nc;core_t2m_max_europe_1970.nc;core_t2m_max_europe_1971.nc;core_t2m_max_europe_1972.nc;core_t2m_max_europe_1973.nc;core_t2m_max_europe_1974.nc;core_t2m_max_europe_1975.nc;core_t2m_max_europe_1976.nc;core_t2m_max_europe_1977.nc;core_t2m_max_europe_1978.nc;core_t2m_max_europe_1979.nc;core_t2m_max_europe_1980.nc;core_t2m_max_europe_1981.nc;core_t2m_max_europe_1982.nc;core_t2m_max_europe_1983.nc;core_t2m_max_europe_1984.nc;core_t2m_max_europe_1985.nc;core_t2m_max_europe_1986.nc;core_t2m_max_europe_1987.nc;core_t2m_max_europe_1988.nc;core_t2m_max_europe_1989.nc;core_t2m_max_europe_1990.nc;core_t2m_max_europe_1991.nc;core_t2m_max_europe_1992.nc;core_t2m_max_europe_1993.nc;core_t2m_max_europe_1994.nc;core_t2m_max_europe_1995.nc;core_t2m_max_europe_1996.nc;core_t2m_max_europe_1997.nc;core_t2m_max_europe_1998.nc;core_t2m_max_europe_1999.nc;core_t2m_max_europe_2000.nc;core_t2m_max_europe_2001.nc;core_t2m_max_europe_2002.nc;core_t2m_max_europe_2003.nc;core_t2m_max_europe_2004.nc;core_t2m_max_europe_2005.nc;core_t2m_max_europe_2006.nc;core_t2m_max_europe_2007.nc;core_t2m_max_europe_2008.nc;core_t2m_max_europe_2009.nc;core_t2m_max_europe_2010.nc;core_t2m_max_europe_2011.nc;core_t2m_max_europe_2012.nc;core_t2m_max_europe_2013.nc;core_t2m_max_europe_2014.nc;core_t2m_max_europe_2015.nc;core_t2m_max_europe_2016.nc;core_t2m_max_europe_2017.nc;core_t2m_max_europe_2018.nc;core_t2m_max_europe_2019.nc;core_t2m_max_europe_2020.nc;core_t2m_max_europe_2021.nc;core_t2m_max_europe_2022.nc;core_t2m_max_europe_2023.nc;core_t2m_max_europe_2024.nc;core_t2m_max_europe_2025.nc;core_t2m_max_europe_2026_through_20260831.nc
NOAA CORe,4,2025,960.8854,russo2015-noleap365-v1,223,Germany+France,77,core_t2m_max_europe_1950.nc;core_t2m_max_europe_1951.nc;core_t2m_max_europe_1952.nc;core_t2m_max_europe_1953.nc;core_t2m_max_europe_1954.nc;core_t2m_max_europe_1955.nc;core_t2m_max_europe_1956.nc;core_t2m_max_europe_1957.nc;core_t2m_max_europe_1958.nc;core_t2m_max_europe_1959.nc;core_t2m_max_europe_1960.nc;core_t2m_max_europe_1961.nc;core_t2m_max_europe_1962.nc;core_t2m_max_europe_1963.nc;core_t2m_max_europe_1964.nc;core_t2m_max_europe_1965.nc;core_t2m_max_europe_1966.nc;core_t2m_max_europe_1967.nc;core_t2m_max_europe_1968.nc;core_t2m_max_europe_1969.nc;core_t2m_max_europe_1970.nc;core_t2m_max_europe_1971.nc;core_t2m_max_europe_1972.nc;core_t2m_max_europe_1973.nc;core_t2m_max_europe_1974.nc;core_t2m_max_europe_1975.nc;core_t2m_max_europe_1976.nc;core_t2m_max_europe_1977.nc;core_t2m_max_europe_1978.nc;core_t2m_max_europe_1979.nc;core_t2m_max_europe_1980.nc;core_t2m_max_europe_1981.nc;core_t2m_max_europe_1982.nc;core_t2m_max_europe_1983.nc;core_t2m_max_europe_1984.nc;core_t2m_max_europe_1985.nc;core_t2m_max_europe_1986.nc;core_t2m_max_europe_1987.nc;core_t2m_max_europe_1988.nc;core_t2m_max_europe_1989.nc;core_t2m_max_europe_1990.nc;core_t2m_max_europe_1991.nc;core_t2m_max_europe_1992.nc;core_t2m_max_europe_1993.nc;core_t2m_max_europe_1994.nc;core_t2m_max_europe_1995.nc;core_t2m_max_europe_1996.nc;core_t2m_max_europe_1997.nc;core_t2m_max_europe_1998.nc;core_t2m_max_europe_1999.nc;core_t2m_max_europe_2000.nc;core_t2m_max_europe_2001.nc;core_t2m_max_europe_2002.nc;core_t2m_max_europe_2003.nc;core_t2m_max_europe_2004.nc;core_t2m_max_europe_2005.nc;core_t2m_max_europe_2006.nc;core_t2m_max_europe_2007.nc;core_t2m_max_europe_2008.nc;core_t2m_max_europe_2009.nc;core_t2m_max_europe_2010.nc;core_t2m_max_europe_2011.nc;core_t2m_max_europe_2012.nc;core_t2m_max_europe_2013.nc;core_t2m_max_europe_2014.nc;core_t2m_max_europe_2015.nc;core_t2m_max_europe_2016.nc;core_t2m_max_europe_2017.nc;core_t2m_max_europe_2018.nc;core_t2m_max_europe_2019.nc;core_t2m_max_europe_2020.nc;core_t2m_max_europe_2021.nc;core_t2m_max_europe_2022.nc;core_t2m_max_europe_2023.nc;core_t2m_max_europe_2024.nc;core_t2m_max_europe_2025.nc;core_t2m_max_europe_2026_through_20260831.nc
NOAA CORe,5,2015,698.6668,russo2015-noleap365-v1,223,Germany+France,77,core_t2m_max_europe_1950.nc;core_t2m_max_europe_1951.nc;core_t2m_max_europe_1952.nc;core_t2m_max_europe_1953.nc;core_t2m_max_europe_1954.nc;core_t2m_max_europe_1955.nc;core_t2m_max_europe_1956.nc;core_t2m_max_europe_1957.nc;core_t2m_max_europe_1958.nc;core_t2m_max_europe_1959.nc;core_t2m_max_europe_1960.nc;core_t2m_max_europe_1961.nc;core_t2m_max_europe_1962.nc;core_t2m_max_europe_1963.nc;core_t2m_max_europe_1964.nc;core_t2m_max_europe_1965.nc;core_t2m_max_europe_1966.nc;core_t2m_max_europe_1967.nc;core_t2m_max_europe_1968.nc;core_t2m_max_europe_1969.nc;core_t2m_max_europe_1970.nc;core_t2m_max_europe_1971.nc;core_t2m_max_europe_1972.nc;core_t2m_max_europe_1973.nc;core_t2m_max_europe_1974.nc;core_t2m_max_europe_1975.nc;core_t2m_max_europe_1976.nc;core_t2m_max_europe_1977.nc;core_t2m_max_europe_1978.nc;core_t2m_max_europe_1979.nc;core_t2m_max_europe_1980.nc;core_t2m_max_europe_1981.nc;core_t2m_max_europe_1982.nc;core_t2m_max_europe_1983.nc;core_t2m_max_europe_1984.nc;core_t2m_max_europe_1985.nc;core_t2m_max_europe_1986.nc;core_t2m_max_europe_1987.nc;core_t2m_max_europe_1988.nc;core_t2m_max_europe_1989.nc;core_t2m_max_europe_1990.nc;core_t2m_max_europe_1991.nc;core_t2m_max_europe_1992.nc;core_t2m_max_europe_1993.nc;core_t2m_max_europe_1994.nc;core_t2m_max_europe_1995.nc;core_t2m_max_europe_1996.nc;core_t2m_max_europe_1997.nc;core_t2m_max_europe_1998.nc;core_t2m_max_europe_1999.nc;core_t2m_max_europe_2000.nc;core_t2m_max_europe_2001.nc;core_t2m_max_europe_2002.nc;core_t2m_max_europe_2003.nc;core_t2m_max_europe_2004.nc;core_t2m_max_europe_2005.nc;core_t2m_max_europe_2006.nc;core_t2m_max_europe_2007.nc;core_t2m_max_europe_2008.nc;core_t2m_max_europe_2009.nc;core_t2m_max_europe_2010.nc;core_t2m_max_europe_2011.nc;core_t2m_max_europe_2012.nc;core_t2m_max_europe_2013.nc;core_t2m_max_europe_2014.nc;core_t2m_max_europe_2015.nc;core_t2m_max_europe_2016.nc;core_t2m_max_europe_2017.nc;core_t2m_max_europe_2018.nc;core_t2m_max_europe_2019.nc;core_t2m_max_europe_2020.nc;core_t2m_max_europe_2021.nc;core_t2m_max_europe_2022.nc;core_t2m_max_europe_2023.nc;core_t2m_max_europe_2024.nc;core_t2m_max_europe_2025.nc;core_t2m_max_europe_2026_through_20260831.nc
NOAA CORe,6,2023,679.4108,russo2015-noleap365-v1,223,Germany+France,77,core_t2m_max_europe_1950.nc;core_t2m_max_europe_1951.nc;core_t2m_max_europe_1952.nc;core_t2m_max_europe_1953.nc;core_t2m_max_europe_1954.nc;core_t2m_max_europe_1955.nc;core_t2m_max_europe_1956.nc;core_t2m_max_europe_1957.nc;core_t2m_max_europe_1958.nc;core_t2m_max_europe_1959.nc;core_t2m_max_europe_1960.nc;core_t2m_max_europe_1961.nc;core_t2m_max_europe_1962.nc;core_t2m_max_europe_1963.nc;core_t2m_max_europe_1964.nc;core_t2m_max_europe_1965.nc;core_t2m_max_europe_1966.nc;core_t2m_max_europe_1967.nc;core_t2m_max_europe_1968.nc;core_t2m_max_europe_1969.nc;core_t2m_max_europe_1970.nc;core_t2m_max_europe_1971.nc;core_t2m_max_europe_1972.nc;core_t2m_max_europe_1973.nc;core_t2m_max_europe_1974.nc;core_t2m_max_europe_1975.nc;core_t2m_max_europe_1976.nc;core_t2m_max_europe_1977.nc;core_t2m_max_europe_1978.nc;core_t2m_max_europe_1979.nc;core_t2m_max_europe_1980.nc;core_t2m_max_europe_1981.nc;core_t2m_max_europe_1982.nc;core_t2m_max_europe_1983.nc;core_t2m_max_europe_1984.nc;core_t2m_max_europe_1985.nc;core_t2m_max_europe_1986.nc;core_t2m_max_europe_1987.nc;core_t2m_max_europe_1988.nc;core_t2m_max_europe_1989.nc;core_t2m_max_europe_1990.nc;core_t2m_max_europe_1991.nc;core_t2m_max_europe_1992.nc;core_t2m_max_europe_1993.nc;core_t2m_max_europe_1994.nc;core_t2m_max_europe_1995.nc;core_t2m_max_europe_1996.nc;core_t2m_max_europe_1997.nc;core_t2m_max_europe_1998.nc;core_t2m_max_europe_1999.nc;core_t2m_max_europe_2000.nc;core_t2m_max_europe_2001.nc;core_t2m_max_europe_2002.nc;core_t2m_max_europe_2003.nc;core_t2m_max_europe_2004.nc;core_t2m_max_europe_2005.nc;core_t2m_max_europe_2006.nc;core_t2m_max_europe_2007.nc;core_t2m_max_europe_2008.nc;core_t2m_max_europe_2009.nc;core_t2m_max_europe_2010.nc;core_t2m_max_europe_2011.nc;core_t2m_max_europe_2012.nc;core_t2m_max_europe_2013.nc;core_t2m_max_europe_2014.nc;core_t2m_max_europe_2015.nc;core_t2m_max_europe_2016.nc;core_t2m_max_europe_2017.nc;core_t2m_max_europe_2018.nc;core_t2m_max_europe_2019.nc;core_t2m_max_europe_2020.nc;core_t2m_max_europe_2021.nc;core_t2m_max_europe_2022.nc;core_t2m_max_europe_2023.nc;core_t2m_max_europe_2024.nc;core_t2m_max_europe_2025.nc;core_t2m_max_europe_2026_through_20260831.nc
NOAA CORe,7,2012,603.0158,russo2015-noleap365-v1,223,Germany+France,77,core_t2m_max_europe_1950.nc;core_t2m_max_europe_1951.nc;core_t2m_max_europe_1952.nc;core_t2m_max_europe_1953.nc;core_t2m_max_europe_1954.nc;core_t2m_max_europe_1955.nc;core_t2m_max_europe_1956.nc;core_t2m_max_europe_1957.nc;core_t2m_max_europe_1958.nc;core_t2m_max_europe_1959.nc;core_t2m_max_europe_1960.nc;core_t2m_max_europe_1961.nc;core_t2m_max_europe_1962.nc;core_t2m_max_europe_1963.nc;core_t2m_max_europe_1964.nc;core_t2m_max_europe_1965.nc;core_t2m_max_europe_1966.nc;core_t2m_max_europe_1967.nc;core_t2m_max_europe_1968.nc;core_t2m_max_europe_1969.nc;core_t2m_max_europe_1970.nc;core_t2m_max_europe_1971.nc;core_t2m_max_europe_1972.nc;core_t2m_max_europe_1973.nc;core_t2m_max_europe_1974.nc;core_t2m_max_europe_1975.nc;core_t2m_max_europe_1976.nc;core_t2m_max_europe_1977.nc;core_t2m_max_europe_1978.nc;core_t2m_max_europe_1979.nc;core_t2m_max_europe_1980.nc;core_t2m_max_europe_1981.nc;core_t2m_max_europe_1982.nc;core_t2m_max_europe_1983.nc;core_t2m_max_europe_1984.nc;core_t2m_max_europe_1985.nc;core_t2m_max_europe_1986.nc;core_t2m_max_europe_1987.nc;core_t2m_max_europe_1988.nc;core_t2m_max_europe_1989.nc;core_t2m_max_europe_1990.nc;core_t2m_max_europe_1991.nc;core_t2m_max_europe_1992.nc;core_t2m_max_europe_1993.nc;core_t2m_max_europe_1994.nc;core_t2m_max_europe_1995.nc;core_t2m_max_europe_1996.nc;core_t2m_max_europe_1997.nc;core_t2m_max_europe_1998.nc;core_t2m_max_europe_1999.nc;core_t2m_max_europe_2000.nc;core_t2m_max_europe_2001.nc;core_t2m_max_europe_2002.nc;core_t2m_max_europe_2003.nc;core_t2m_max_europe_2004.nc;core_t2m_max_europe_2005.nc;core_t2m_max_europe_2006.nc;core_t2m_max_europe_2007.nc;core_t2m_max_europe_2008.nc;core_t2m_max_europe_2009.nc;core_t2m_max_europe_2010.nc;core_t2m_max_europe_2011.nc;core_t2m_max_europe_2012.nc;core_t2m_max_europe_2013.nc;core_t2m_max_europe_2014.nc;core_t2m_max_europe_2015.nc;core_t2m_max_europe_2016.nc;core_t2m_max_europe_2017.nc;core_t2m_max_europe_2018.nc;core_t2m_max_europe_2019.nc;core_t2m_max_europe_2020.nc;core_t2m_max_europe_2021.nc;core_t2m_max_europe_2022.nc;core_t2m_max_europe_2023.nc;core_t2m_max_europe_2024.nc;core_t2m_max_europe_2025.nc;core_t2m_max_europe_2026_through_20260831.nc
NOAA CORe,8,1998,599.12537,russo2015-noleap365-v1,223,Germany+France,77,core_t2m_max_europe_1950.nc;core_t2m_max_europe_1951.nc;core_t2m_max_europe_1952.nc;core_t2m_max_europe_1953.nc;core_t2m_max_europe_1954.nc;core_t2m_max_europe_1955.nc;core_t2m_max_europe_1956.nc;core_t2m_max_europe_1957.nc;core_t2m_max_europe_1958.nc;core_t2m_max_europe_1959.nc;core_t2m_max_europe_1960.nc;core_t2m_max_europe_1961.nc;core_t2m_max_europe_1962.nc;core_t2m_max_europe_1963.nc;core_t2m_max_europe_1964.nc;core_t2m_max_europe_1965.nc;core_t2m_max_europe_1966.nc;core_t2m_max_europe_1967.nc;core_t2m_max_europe_1968.nc;core_t2m_max_europe_1969.nc;core_t2m_max_europe_1970.nc;core_t2m_max_europe_1971.nc;core_t2m_max_europe_1972.nc;core_t2m_max_europe_1973.nc;core_t2m_max_europe_1974.nc;core_t2m_max_europe_1975.nc;core_t2m_max_europe_1976.nc;core_t2m_max_europe_1977.nc;core_t2m_max_europe_1978.nc;core_t2m_max_europe_1979.nc;core_t2m_max_europe_1980.nc;core_t2m_max_europe_1981.nc;core_t2m_max_europe_1982.nc;core_t2m_max_europe_1983.nc;core_t2m_max_europe_1984.nc;core_t2m_max_europe_1985.nc;core_t2m_max_europe_1986.nc;core_t2m_max_europe_1987.nc;core_t2m_max_europe_1988.nc;core_t2m_max_europe_1989.nc;core_t2m_max_europe_1990.nc;core_t2m_max_europe_1991.nc;core_t2m_max_europe_1992.nc;core_t2m_max_europe_1993.nc;core_t2m_max_europe_1994.nc;core_t2m_max_europe_1995.nc;core_t2m_max_europe_1996.nc;core_t2m_max_europe_1997.nc;core_t2m_max_europe_1998.nc;core_t2m_max_europe_1999.nc;core_t2m_max_europe_2000.nc;core_t2m_max_europe_2001.nc;core_t2m_max_europe_2002.nc;core_t2m_max_europe_2003.nc;core_t2m_max_europe_2004.nc;core_t2m_max_europe_2005.nc;core_t2m_max_europe_2006.nc;core_t2m_max_europe_2007.nc;core_t2m_max_europe_2008.nc;core_t2m_max_europe_2009.nc;core_t2m_max_europe_2010.nc;core_t2m_max_europe_2011.nc;core_t2m_max_europe_2012.nc;core_t2m_max_europe_2013.nc;core_t2m_max_europe_2014.nc;core_t2m_max_europe_2015.nc;core_t2m_max_europe_2016.nc;core_t2m_max_europe_2017.nc;core_t2m_max_europe_2018.nc;core_t2m_max_europe_2019.nc;core_t2m_max_europe_2020.nc;core_t2m_max_europe_2021.nc;core_t2m_max_europe_2022.nc;core_t2m_max_europe_2023.nc;core_t2m_max_europe_2024.nc;core_t2m_max_europe_2025.nc;core_t2m_max_europe_2026_through_20260831.nc
NOAA CORe,9,1994,589.12256,russo2015-noleap365-v1,223,Germany+France,77,core_t2m_max_europe_1950.nc;core_t2m_max_europe_1951.nc;core_t2m_max_europe_1952.nc;core_t2m_max_europe_1953.nc;core_t2m_max_europe_1954.nc;core_t2m_max_europe_1955.nc;core_t2m_max_europe_1956.nc;core_t2m_max_europe_1957.nc;core_t2m_max_europe_1958.nc;core_t2m_max_europe_1959.nc;core_t2m_max_europe_1960.nc;core_t2m_max_europe_1961.nc;core_t2m_max_europe_1962.nc;core_t2m_max_europe_1963.nc;core_t2m_max_europe_1964.nc;core_t2m_max_europe_1965.nc;core_t2m_max_europe_1966.nc;core_t2m_max_europe_1967.nc;core_t2m_max_europe_1968.nc;core_t2m_max_europe_1969.nc;core_t2m_max_europe_1970.nc;core_t2m_max_europe_1971.nc;core_t2m_max_europe_1972.nc;core_t2m_max_europe_1973.nc;core_t2m_max_europe_1974.nc;core_t2m_max_europe_1975.nc;core_t2m_max_europe_1976.nc;core_t2m_max_europe_1977.nc;core_t2m_max_europe_1978.nc;core_t2m_max_europe_1979.nc;core_t2m_max_europe_1980.nc;core_t2m_max_europe_1981.nc;core_t2m_max_europe_1982.nc;core_t2m_max_europe_1983.nc;core_t2m_max_europe_1984.nc;core_t2m_max_europe_1985.nc;core_t2m_max_europe_1986.nc;core_t2m_max_europe_1987.nc;core_t2m_max_europe_1988.nc;core_t2m_max_europe_1989.nc;core_t2m_max_europe_1990.nc;core_t2m_max_europe_1991.nc;core_t2m_max_europe_1992.nc;core_t2m_max_europe_1993.nc;core_t2m_max_europe_1994.nc;core_t2m_max_europe_1995.nc;core_t2m_max_europe_1996.nc;core_t2m_max_europe_1997.nc;core_t2m_max_europe_1998.nc;core_t2m_max_europe_1999.nc;core_t2m_max_europe_2000.nc;core_t2m_max_europe_2001.nc;core_t2m_max_europe_2002.nc;core_t2m_max_europe_2003.nc;core_t2m_max_europe_2004.nc;core_t2m_max_europe_2005.nc;core_t2m_max_europe_2006.nc;core_t2m_max_europe_2007.nc;core_t2m_max_europe_2008.nc;core_t2m_max_europe_2009.nc;core_t2m_max_europe_2010.nc;core_t2m_max_europe_2011.nc;core_t2m_max_europe_2012.nc;core_t2m_max_europe_2013.nc;core_t2m_max_europe_2014.nc;core_t2m_max_europe_2015.nc;core_t2m_max_europe_2016.nc;core_t2m_max_europe_2017.nc;core_t2m_max_europe_2018.nc;core_t2m_max_europe_2019.nc;core_t2m_max_europe_2020.nc;core_t2m_max_europe_2021.nc;core_t2m_max_europe_2022.nc;core_t2m_max_europe_2023.nc;core_t2m_max_europe_2024.nc;core_t2m_max_europe_2025.nc;core_t2m_max_europe_2026_through_20260831.nc
NOAA CORe,10,2006,476.7808,russo2015-noleap365-v1,223,Germany+France,77,core_t2m_max_europe_1950.nc;core_t2m_max_europe_1951.nc;core_t2m_max_europe_1952.nc;core_t2m_max_europe_1953.nc;core_t2m_max_europe_1954.nc;core_t2m_max_europe_1955.nc;core_t2m_max_europe_1956.nc;core_t2m_max_europe_1957.nc;core_t2m_max_europe_1958.nc;core_t2m_max_europe_1959.nc;core_t2m_max_europe_1960.nc;core_t2m_max_europe_1961.nc;core_t2m_max_europe_1962.nc;core_t2m_max_europe_1963.nc;core_t2m_max_europe_1964.nc;core_t2m_max_europe_1965.nc;core_t2m_max_europe_1966.nc;core_t2m_max_europe_1967.nc;core_t2m_max_europe_1968.nc;core_t2m_max_europe_1969.nc;core_t2m_max_europe_1970.nc;core_t2m_max_europe_1971.nc;core_t2m_max_europe_1972.nc;core_t2m_max_europe_1973.nc;core_t2m_max_europe_1974.nc;core_t2m_max_europe_1975.nc;core_t2m_max_europe_1976.nc;core_t2m_max_europe_1977.nc;core_t2m_max_europe_1978.nc;core_t2m_max_europe_1979.nc;core_t2m_max_europe_1980.nc;core_t2m_max_europe_1981.nc;core_t2m_max_europe_1982.nc;core_t2m_max_europe_1983.nc;core_t2m_max_europe_1984.nc;core_t2m_max_europe_1985.nc;core_t2m_max_europe_1986.nc;core_t2m_max_europe_1987.nc;core_t2m_max_europe_1988.nc;core_t2m_max_europe_1989.nc;core_t2m_max_europe_1990.nc;core_t2m_max_europe_1991.nc;core_t2m_max_europe_1992.nc;core_t2m_max_europe_1993.nc;core_t2m_max_europe_1994.nc;core_t2m_max_europe_1995.nc;core_t2m_max_europe_1996.nc;core_t2m_max_europe_1997.nc;core_t2m_max_europe_1998.nc;core_t2m_max_europe_1999.nc;core_t2m_max_europe_2000.nc;core_t2m_max_europe_2001.nc;core_t2m_max_europe_2002.nc;core_t2m_max_europe_2003.nc;core_t2m_max_europe_2004.nc;core_t2m_max_europe_2005.nc;core_t2m_max_europe_2006.nc;core_t2m_max_europe_2007.nc;core_t2m_max_europe_2008.nc;core_t2m_max_europe_2009.nc;core_t2m_max_europe_2010.nc;core_t2m_max_europe_2011.nc;core_t2m_max_europe_2012.nc;core_t2m_max_europe_2013.nc;core_t2m_max_europe_2014.nc;core_t2m_max_europe_2015.nc;core_t2m_max_europe_2016.nc;core_t2m_max_europe_2017.nc;core_t2m_max_europe_2018.nc;core_t2m_max_europe_2019.nc;core_t2m_max_europe_2020.nc;core_t2m_max_europe_2021.nc;core_t2m_max_europe_2022.nc;core_t2m_max_europe_2023.nc;core_t2m_max_europe_2024.nc;core_t2m_max_europe_2025.nc;core_t2m_max_europe_2026_through_20260831.nc
NOAA CORe,11,2022,469.07718,russo2015-noleap365-v1,223,Germany+France,77,core_t2m_max_europe_1950.nc;core_t2m_max_europe_1951.nc;core_t2m_max_europe_1952.nc;core_t2m_max_europe_1953.nc;core_t2m_max_europe_1954.nc;core_t2m_max_europe_1955.nc;core_t2m_max_europe_1956.nc;core_t2m_max_europe_1957.nc;core_t2m_max_europe_1958.nc;core_t2m_max_europe_1959.nc;core_t2m_max_europe_1960.nc;core_t2m_max_europe_1961.nc;core_t2m_max_europe_1962.nc;core_t2m_max_europe_1963.nc;core_t2m_max_europe_1964.nc;core_t2m_max_europe_1965.nc;core_t2m_max_europe_1966.nc;core_t2m_max_europe_1967.nc;core_t2m_max_europe_1968.nc;core_t2m_max_europe_1969.nc;core_t2m_max_europe_1970.nc;core_t2m_max_europe_1971.nc;core_t2m_max_europe_1972.nc;core_t2m_max_europe_1973.nc;core_t2m_max_europe_1974.nc;core_t2m_max_europe_1975.nc;core_t2m_max_europe_1976.nc;core_t2m_max_europe_1977.nc;core_t2m_max_europe_1978.nc;core_t2m_max_europe_1979.nc;core_t2m_max_europe_1980.nc;core_t2m_max_europe_1981.nc;core_t2m_max_europe_1982.nc;core_t2m_max_europe_1983.nc;core_t2m_max_europe_1984.nc;core_t2m_max_europe_1985.nc;core_t2m_max_europe_1986.nc;core_t2m_max_europe_1987.nc;core_t2m_max_europe_1988.nc;core_t2m_max_europe_1989.nc;core_t2m_max_europe_1990.nc;core_t2m_max_europe_1991.nc;core_t2m_max_europe_1992.nc;core_t2m_max_europe_1993.nc;core_t2m_max_europe_1994.nc;core_t2m_max_europe_1995.nc;core_t2m_max_europe_1996.nc;core_t2m_max_europe_1997.nc;core_t2m_max_europe_1998.nc;core_t2m_max_europe_1999.nc;core_t2m_max_europe_2000.nc;core_t2m_max_europe_2001.nc;core_t2m_max_europe_2002.nc;core_t2m_max_europe_2003.nc;core_t2m_max_europe_2004.nc;core_t2m_max_europe_2005.nc;core_t2m_max_europe_2006.nc;core_t2m_max_europe_2007.nc;core_t2m_max_europe_2008.nc;core_t2m_max_europe_2009.nc;core_t2m_max_europe_2010.nc;core_t2m_max_europe_2011.nc;core_t2m_max_europe_2012.nc;core_t2m_max_europe_2013.nc;core_t2m_max_europe_2014.nc;core_t2m_max_europe_2015.nc;core_t2m_max_europe_2016.nc;core_t2m_max_europe_2017.nc;core_t2m_max_europe_2018.nc;core_t2m_max_europe_2019.nc;core_t2m_max_europe_2020.nc;core_t2m_max_europe_2021.nc;core_t2m_max_europe_2022.nc;core_t2m_max_europe_2023.nc;core_t2m_max_europe_2024.nc;core_t2m_max_europe_2025.nc;core_t2m_max_europe_2026_through_20260831.nc
NOAA CORe,12,2018,449.5456,russo2015-noleap365-v1,223,Germany+France,77,core_t2m_max_europe_1950.nc;core_t2m_max_europe_1951.nc;core_t2m_max_europe_1952.nc;core_t2m_max_europe_1953.nc;core_t2m_max_europe_1954.nc;core_t2m_max_europe_1955.nc;core_t2m_max_europe_1956.nc;core_t2m_max_europe_1957.nc;core_t2m_max_europe_1958.nc;core_t2m_max_europe_1959.nc;core_t2m_max_europe_1960.nc;core_t2m_max_europe_1961.nc;core_t2m_max_europe_1962.nc;core_t2m_max_europe_1963.nc;core_t2m_max_europe_1964.nc;core_t2m_max_europe_1965.nc;core_t2m_max_europe_1966.nc;core_t2m_max_europe_1967.nc;core_t2m_max_europe_1968.nc;core_t2m_max_europe_1969.nc;core_t2m_max_europe_1970.nc;core_t2m_max_europe_1971.nc;core_t2m_max_europe_1972.nc;core_t2m_max_europe_1973.nc;core_t2m_max_europe_1974.nc;core_t2m_max_europe_1975.nc;core_t2m_max_europe_1976.nc;core_t2m_max_europe_1977.nc;core_t2m_max_europe_1978.nc;core_t2m_max_europe_1979.nc;core_t2m_max_europe_1980.nc;core_t2m_max_europe_1981.nc;core_t2m_max_europe_1982.nc;core_t2m_max_europe_1983.nc;core_t2m_max_europe_1984.nc;core_t2m_max_europe_1985.nc;core_t2m_max_europe_1986.nc;core_t2m_max_europe_1987.nc;core_t2m_max_europe_1988.nc;core_t2m_max_europe_1989.nc;core_t2m_max_europe_1990.nc;core_t2m_max_europe_1991.nc;core_t2m_max_europe_1992.nc;core_t2m_max_europe_1993.nc;core_t2m_max_europe_1994.nc;core_t2m_max_europe_1995.nc;core_t2m_max_europe_1996.nc;core_t2m_max_europe_1997.nc;core_t2m_max_europe_1998.nc;core_t2m_max_europe_1999.nc;core_t2m_max_europe_2000.nc;core_t2m_max_europe_2001.nc;core_t2m_max_europe_2002.nc;core_t2m_max_europe_2003.nc;core_t2m_max_europe_2004.nc;core_t2m_max_europe_2005.nc;core_t2m_max_europe_2006.nc;core_t2m_max_europe_2007.nc;core_t2m_max_europe_2008.nc;core_t2m_max_europe_2009.nc;core_t2m_max_europe_2010.nc;core_t2m_max_europe_2011.nc;core_t2m_max_europe_2012.nc;core_t2m_max_europe_2013.nc;core_t2m_max_europe_2014.nc;core_t2m_max_europe_2015.nc;core_t2m_max_europe_2016.nc;core_t2m_max_europe_2017.nc;core_t2m_max_europe_2018.nc;core_t2m_max_europe_2019.nc;core_t2m_max_europe_2020.nc;core_t2m_max_europe_2021.nc;core_t2m_max_europe_2022.nc;core_t2m_max_europe_2023.nc;core_t2m_max_europe_2024.nc;core_t2m_max_europe_2025.nc;core_t2m_max_europe_2026_through_20260831.nc
NOAA CORe,13,1957,431.28287,russo2015-noleap365-v1,223,Germany+France,77,core_t2m_max_europe_1950.nc;core_t2m_max_europe_1951.nc;core_t2m_max_europe_1952.nc;core_t2m_max_europe_1953.nc;core_t2m_max_europe_1954.nc;core_t2m_max_europe_1955.nc;core_t2m_max_europe_1956.nc;core_t2m_max_europe_1957.nc;core_t2m_max_europe_1958.nc;core_t2m_max_europe_1959.nc;core_t2m_max_europe_1960.nc;core_t2m_max_europe_1961.nc;core_t2m_max_europe_1962.nc;core_t2m_max_europe_1963.nc;core_t2m_max_europe_1964.nc;core_t2m_max_europe_1965.nc;core_t2m_max_europe_1966.nc;core_t2m_max_europe_1967.nc;core_t2m_max_europe_1968.nc;core_t2m_max_europe_1969.nc;core_t2m_max_europe_1970.nc;core_t2m_max_europe_1971.nc;core_t2m_max_europe_1972.nc;core_t2m_max_europe_1973.nc;core_t2m_max_europe_1974.nc;core_t2m_max_europe_1975.nc;core_t2m_max_europe_1976.nc;core_t2m_max_europe_1977.nc;core_t2m_max_europe_1978.nc;core_t2m_max_europe_1979.nc;core_t2m_max_europe_1980.nc;core_t2m_max_europe_1981.nc;core_t2m_max_europe_1982.nc;core_t2m_max_europe_1983.nc;core_t2m_max_europe_1984.nc;core_t2m_max_europe_1985.nc;core_t2m_max_europe_1986.nc;core_t2m_max_europe_1987.nc;core_t2m_max_europe_1988.nc;core_t2m_max_europe_1989.nc;core_t2m_max_europe_1990.nc;core_t2m_max_europe_1991.nc;core_t2m_max_europe_1992.nc;core_t2m_max_europe_1993.nc;core_t2m_max_europe_1994.nc;core_t2m_max_europe_1995.nc;core_t2m_max_europe_1996.nc;core_t2m_max_europe_1997.nc;core_t2m_max_europe_1998.nc;core_t2m_max_europe_1999.nc;core_t2m_max_europe_2000.nc;core_t2m_max_europe_2001.nc;core_t2m_max_europe_2002.nc;core_t2m_max_europe_2003.nc;core_t2m_max_europe_2004.nc;core_t2m_max_europe_2005.nc;core_t2m_max_europe_2006.nc;core_t2m_max_europe_2007.nc;core_t2m_max_europe_2008.nc;core_t2m_max_europe_2009.nc;core_t2m_max_europe_2010.nc;core_t2m_max_europe_2011.nc;core_t2m_max_europe_2012.nc;core_t2m_max_europe_2013.nc;core_t2m_max_europe_2014.nc;core_t2m_max_europe_2015.nc;core_t2m_max_europe_2016.nc;core_t2m_max_europe_2017.nc;core_t2m_max_europe_2018.nc;core_t2m_max_europe_2019.nc;core_t2m_max_europe_2020.nc;core_t2m_max_europe_2021.nc;core_t2m_max_europe_2022.nc;core_t2m_max_europe_2023.nc;core_t2m_max_europe_2024.nc;core_t2m_max_europe_2025.nc;core_t2m_max_europe_2026_through_20260831.nc
NOAA CORe,14,1952,408.2379,russo2015-noleap365-v1,223,Germany+France,77,core_t2m_max_europe_1950.nc;core_t2m_max_europe_1951.nc;core_t2m_max_europe_1952.nc;core_t2m_max_europe_1953.nc;core_t2m_max_europe_1954.nc;core_t2m_max_europe_1955.nc;core_t2m_max_europe_1956.nc;core_t2m_max_europe_1957.nc;core_t2m_max_europe_1958.nc;core_t2m_max_europe_1959.nc;core_t2m_max_europe_1960.nc;core_t2m_max_europe_1961.nc;core_t2m_max_europe_1962.nc;core_t2m_max_europe_1963.nc;core_t2m_max_europe_1964.nc;core_t2m_max_europe_1965.nc;core_t2m_max_europe_1966.nc;core_t2m_max_europe_1967.nc;core_t2m_max_europe_1968.nc;core_t2m_max_europe_1969.nc;core_t2m_max_europe_1970.nc;core_t2m_max_europe_1971.nc;core_t2m_max_europe_1972.nc;core_t2m_max_europe_1973.nc;core_t2m_max_europe_1974.nc;core_t2m_max_europe_1975.nc;core_t2m_max_europe_1976.nc;core_t2m_max_europe_1977.nc;core_t2m_max_europe_1978.nc;core_t2m_max_europe_1979.nc;core_t2m_max_europe_1980.nc;core_t2m_max_europe_1981.nc;core_t2m_max_europe_1982.nc;core_t2m_max_europe_1983.nc;core_t2m_max_europe_1984.nc;core_t2m_max_europe_1985.nc;core_t2m_max_europe_1986.nc;core_t2m_max_europe_1987.nc;core_t2m_max_europe_1988.nc;core_t2m_max_europe_1989.nc;core_t2m_max_europe_1990.nc;core_t2m_max_europe_1991.nc;core_t2m_max_europe_1992.nc;core_t2m_max_europe_1993.nc;core_t2m_max_europe_1994.nc;core_t2m_max_europe_1995.nc;core_t2m_max_europe_1996.nc;core_t2m_max_europe_1997.nc;core_t2m_max_europe_1998.nc;core_t2m_max_europe_1999.nc;core_t2m_max_europe_2000.nc;core_t2m_max_europe_2001.nc;core_t2m_max_europe_2002.nc;core_t2m_max_europe_2003.nc;core_t2m_max_europe_2004.nc;core_t2m_max_europe_2005.nc;core_t2m_max_europe_2006.nc;core_t2m_max_europe_2007.nc;core_t2m_max_europe_2008.nc;core_t2m_max_europe_2009.nc;core_t2m_max_europe_2010.nc;core_t2m_max_europe_2011.nc;core_t2m_max_europe_2012.nc;core_t2m_max_europe_2013.nc;core_t2m_max_europe_2014.nc;core_t2m_max_europe_2015.nc;core_t2m_max_europe_2016.nc;core_t2m_max_europe_2017.nc;core_t2m_max_europe_2018.nc;core_t2m_max_europe_2019.nc;core_t2m_max_europe_2020.nc;core_t2m_max_europe_2021.nc;core_t2m_max_europe_2022.nc;core_t2m_max_europe_2023.nc;core_t2m_max_europe_2024.nc;core_t2m_max_europe_2025.nc;core_t2m_max_europe_2026_through_20260831.nc
NOAA CORe,15,2016,395.37305,russo2015-noleap365-v1,223,Germany+France,77,core_t2m_max_europe_1950.nc;core_t2m_max_europe_1951.nc;core_t2m_max_europe_1952.nc;core_t2m_max_europe_1953.nc;core_t2m_max_europe_1954.nc;core_t2m_max_europe_1955.nc;core_t2m_max_europe_1956.nc;core_t2m_max_europe_1957.nc;core_t2m_max_europe_1958.nc;core_t2m_max_europe_1959.nc;core_t2m_max_europe_1960.nc;core_t2m_max_europe_1961.nc;core_t2m_max_europe_1962.nc;core_t2m_max_europe_1963.nc;core_t2m_max_europe_1964.nc;core_t2m_max_europe_1965.nc;core_t2m_max_europe_1966.nc;core_t2m_max_europe_1967.nc;core_t2m_max_europe_1968.nc;core_t2m_max_europe_1969.nc;core_t2m_max_europe_1970.nc;core_t2m_max_europe_1971.nc;core_t2m_max_europe_1972.nc;core_t2m_max_europe_1973.nc;core_t2m_max_europe_1974.nc;core_t2m_max_europe_1975.nc;core_t2m_max_europe_1976.nc;core_t2m_max_europe_1977.nc;core_t2m_max_europe_1978.nc;core_t2m_max_europe_1979.nc;core_t2m_max_europe_1980.nc;core_t2m_max_europe_1981.nc;core_t2m_max_europe_1982.nc;core_t2m_max_europe_1983.nc;core_t2m_max_europe_1984.nc;core_t2m_max_europe_1985.nc;core_t2m_max_europe_1986.nc;core_t2m_max_europe_1987.nc;core_t2m_max_europe_1988.nc;core_t2m_max_europe_1989.nc;core_t2m_max_europe_1990.nc;core_t2m_max_europe_1991.nc;core_t2m_max_europe_1992.nc;core_t2m_max_europe_1993.nc;core_t2m_max_europe_1994.nc;core_t2m_max_europe_1995.nc;core_t2m_max_europe_1996.nc;core_t2m_max_europe_1997.nc;core_t2m_max_europe_1998.nc;core_t2m_max_europe_1999.nc;core_t2m_max_europe_2000.nc;core_t2m_max_europe_2001.nc;core_t2m_max_europe_2002.nc;core_t2m_max_europe_2003.nc;core_t2m_max_europe_2004.nc;core_t2m_max_europe_2005.nc;core_t2m_max_europe_2006.nc;core_t2m_max_europe_2007.nc;core_t2m_max_europe_2008.nc;core_t2m_max_europe_2009.nc;core_t2m_max_europe_2010.nc;core_t2m_max_europe_2011.nc;core_t2m_max_europe_2012.nc;core_t2m_max_europe_2013.nc;core_t2m_max_europe_2014.nc;core_t2m_max_europe_2015.nc;core_t2m_max_europe_2016.nc;core_t2m_max_europe_2017.nc;core_t2m_max_europe_2018.nc;core_t2m_max_europe_2019.nc;core_t2m_max_europe_2020.nc;core_t2m_max_europe_2021.nc;core_t2m_max_europe_2022.nc;core_t2m_max_europe_2023.nc;core_t2m_max_europe_2024.nc;core_t2m_max_europe_2025.nc;core_t2m_max_europe_2026_through_20260831.nc
NOAA CORe,16,1990,383.50928,russo2015-noleap365-v1,223,Germany+France,77,core_t2m_max_europe_1950.nc;core_t2m_max_europe_1951.nc;core_t2m_max_europe_1952.nc;core_t2m_max_europe_1953.nc;core_t2m_max_europe_1954.nc;core_t2m_max_europe_1955.nc;core_t2m_max_europe_1956.nc;core_t2m_max_europe_1957.nc;core_t2m_max_europe_1958.nc;core_t2m_max_europe_1959.nc;core_t2m_max_europe_1960.nc;core_t2m_max_europe_1961.nc;core_t2m_max_europe_1962.nc;core_t2m_max_europe_1963.nc;core_t2m_max_europe_1964.nc;core_t2m_max_europe_1965.nc;core_t2m_max_europe_1966.nc;core_t2m_max_europe_1967.nc;core_t2m_max_europe_1968.nc;core_t2m_max_europe_1969.nc;core_t2m_max_europe_1970.nc;core_t2m_max_europe_1971.nc;core_t2m_max_europe_1972.nc;core_t2m_max_europe_1973.nc;core_t2m_max_europe_1974.nc;core_t2m_max_europe_1975.nc;core_t2m_max_europe_1976.nc;core_t2m_max_europe_1977.nc;core_t2m_max_europe_1978.nc;core_t2m_max_europe_1979.nc;core_t2m_max_europe_1980.nc;core_t2m_max_europe_1981.nc;core_t2m_max_europe_1982.nc;core_t2m_max_europe_1983.nc;core_t2m_max_europe_1984.nc;core_t2m_max_europe_1985.nc;core_t2m_max_europe_1986.nc;core_t2m_max_europe_1987.nc;core_t2m_max_europe_1988.nc;core_t2m_max_europe_1989.nc;core_t2m_max_europe_1990.nc;core_t2m_max_europe_1991.nc;core_t2m_max_europe_1992.nc;core_t2m_max_europe_1993.nc;core_t2m_max_europe_1994.nc;core_t2m_max_europe_1995.nc;core_t2m_max_europe_1996.nc;core_t2m_max_europe_1997.nc;core_t2m_max_europe_1998.nc;core_t2m_max_europe_1999.nc;core_t2m_max_europe_2000.nc;core_t2m_max_europe_2001.nc;core_t2m_max_europe_2002.nc;core_t2m_max_europe_2003.nc;core_t2m_max_europe_2004.nc;core_t2m_max_europe_2005.nc;core_t2m_max_europe_2006.nc;core_t2m_max_europe_2007.nc;core_t2m_max_europe_2008.nc;core_t2m_max_europe_2009.nc;core_t2m_max_europe_2010.nc;core_t2m_max_europe_2011.nc;core_t2m_max_europe_2012.nc;core_t2m_max_europe_2013.nc;core_t2m_max_europe_2014.nc;core_t2m_max_europe_2015.nc;core_t2m_max_europe_2016.nc;core_t2m_max_europe_2017.nc;core_t2m_max_europe_2018.nc;core_t2m_max_europe_2019.nc;core_t2m_max_europe_2020.nc;core_t2m_max_europe_2021.nc;core_t2m_max_europe_2022.nc;core_t2m_max_europe_2023.nc;core_t2m_max_europe_2024.nc;core_t2m_max_europe_2025.nc;core_t2m_max_europe_2026_through_20260831.nc
NOAA CORe,17,2010,329.20953,russo2015-noleap365-v1,223,Germany+France,77,core_t2m_max_europe_1950.nc;core_t2m_max_europe_1951.nc;core_t2m_max_europe_1952.nc;core_t2m_max_europe_1953.nc;core_t2m_max_europe_1954.nc;core_t2m_max_europe_1955.nc;core_t2m_max_europe_1956.nc;core_t2m_max_europe_1957.nc;core_t2m_max_europe_1958.nc;core_t2m_max_europe_1959.nc;core_t2m_max_europe_1960.nc;core_t2m_max_europe_1961.nc;core_t2m_max_europe_1962.nc;core_t2m_max_europe_1963.nc;core_t2m_max_europe_1964.nc;core_t2m_max_europe_1965.nc;core_t2m_max_europe_1966.nc;core_t2m_max_europe_1967.nc;core_t2m_max_europe_1968.nc;core_t2m_max_europe_1969.nc;core_t2m_max_europe_1970.nc;core_t2m_max_europe_1971.nc;core_t2m_max_europe_1972.nc;core_t2m_max_europe_1973.nc;core_t2m_max_europe_1974.nc;core_t2m_max_europe_1975.nc;core_t2m_max_europe_1976.nc;core_t2m_max_europe_1977.nc;core_t2m_max_europe_1978.nc;core_t2m_max_europe_1979.nc;core_t2m_max_europe_1980.nc;core_t2m_max_europe_1981.nc;core_t2m_max_europe_1982.nc;core_t2m_max_europe_1983.nc;core_t2m_max_europe_1984.nc;core_t2m_max_europe_1985.nc;core_t2m_max_europe_1986.nc;core_t2m_max_europe_1987.nc;core_t2m_max_europe_1988.nc;core_t2m_max_europe_1989.nc;core_t2m_max_europe_1990.nc;core_t2m_max_europe_1991.nc;core_t2m_max_europe_1992.nc;core_t2m_max_europe_1993.nc;core_t2m_max_europe_1994.nc;core_t2m_max_europe_1995.nc;core_t2m_max_europe_1996.nc;core_t2m_max_europe_1997.nc;core_t2m_max_europe_1998.nc;core_t2m_max_europe_1999.nc;core_t2m_max_europe_2000.nc;core_t2m_max_europe_2001.nc;core_t2m_max_europe_2002.nc;core_t2m_max_europe_2003.nc;core_t2m_max_europe_2004.nc;core_t2m_max_europe_2005.nc;core_t2m_max_europe_2006.nc;core_t2m_max_europe_2007.nc;core_t2m_max_europe_2008.nc;core_t2m_max_europe_2009.nc;core_t2m_max_europe_2010.nc;core_t2m_max_europe_2011.nc;core_t2m_max_europe_2012.nc;core_t2m_max_europe_2013.nc;core_t2m_max_europe_2014.nc;core_t2m_max_europe_2015.nc;core_t2m_max_europe_2016.nc;core_t2m_max_europe_2017.nc;core_t2m_max_europe_2018.nc;core_t2m_max_europe_2019.nc;core_t2m_max_europe_2020.nc;core_t2m_max_europe_2021.nc;core_t2m_max_europe_2022.nc;core_t2m_max_europe_2023.nc;core_t2m_max_europe_2024.nc;core_t2m_max_europe_2025.nc;core_t2m_max_europe_2026_through_20260831.nc
NOAA CORe,18,1976,316.7801,russo2015-noleap365-v1,223,Germany+France,77,core_t2m_max_europe_1950.nc;core_t2m_max_europe_1951.nc;core_t2m_max_europe_1952.nc;core_t2m_max_europe_1953.nc;core_t2m_max_europe_1954.nc;core_t2m_max_europe_1955.nc;core_t2m_max_europe_1956.nc;core_t2m_max_europe_1957.nc;core_t2m_max_europe_1958.nc;core_t2m_max_europe_1959.nc;core_t2m_max_europe_1960.nc;core_t2m_max_europe_1961.nc;core_t2m_max_europe_1962.nc;core_t2m_max_europe_1963.nc;core_t2m_max_europe_1964.nc;core_t2m_max_europe_1965.nc;core_t2m_max_europe_1966.nc;core_t2m_max_europe_1967.nc;core_t2m_max_europe_1968.nc;core_t2m_max_europe_1969.nc;core_t2m_max_europe_1970.nc;core_t2m_max_europe_1971.nc;core_t2m_max_europe_1972.nc;core_t2m_max_europe_1973.nc;core_t2m_max_europe_1974.nc;core_t2m_max_europe_1975.nc;core_t2m_max_europe_1976.nc;core_t2m_max_europe_1977.nc;core_t2m_max_europe_1978.nc;core_t2m_max_europe_1979.nc;core_t2m_max_europe_1980.nc;core_t2m_max_europe_1981.nc;core_t2m_max_europe_1982.nc;core_t2m_max_europe_1983.nc;core_t2m_max_europe_1984.nc;core_t2m_max_europe_1985.nc;core_t2m_max_europe_1986.nc;core_t2m_max_europe_1987.nc;core_t2m_max_europe_1988.nc;core_t2m_max_europe_1989.nc;core_t2m_max_europe_1990.nc;core_t2m_max_europe_1991.nc;core_t2m_max_europe_1992.nc;core_t2m_max_europe_1993.nc;core_t2m_max_europe_1994.nc;core_t2m_max_europe_1995.nc;core_t2m_max_europe_1996.nc;core_t2m_max_europe_1997.nc;core_t2m_max_europe_1998.nc;core_t2m_max_europe_1999.nc;core_t2m_max_europe_2000.nc;core_t2m_max_europe_2001.nc;core_t2m_max_europe_2002.nc;core_t2m_max_europe_2003.nc;core_t2m_max_europe_2004.nc;core_t2m_max_europe_2005.nc;core_t2m_max_europe_2006.nc;core_t2m_max_europe_2007.nc;core_t2m_max_europe_2008.nc;core_t2m_max_europe_2009.nc;core_t2m_max_europe_2010.nc;core_t2m_max_europe_2011.nc;core_t2m_max_europe_2012.nc;core_t2m_max_europe_2013.nc;core_t2m_max_europe_2014.nc;core_t2m_max_europe_2015.nc;core_t2m_max_europe_2016.nc;core_t2m_max_europe_2017.nc;core_t2m_max_europe_2018.nc;core_t2m_max_europe_2019.nc;core_t2m_max_europe_2020.nc;core_t2m_max_europe_2021.nc;core_t2m_max_europe_2022.nc;core_t2m_max_europe_2023.nc;core_t2m_max_europe_2024.nc;core_t2m_max_europe_2025.nc;core_t2m_max_europe_2026_through_20260831.nc
NOAA CORe,19,2024,292.96762,russo2015-noleap365-v1,223,Germany+France,77,core_t2m_max_europe_1950.nc;core_t2m_max_europe_1951.nc;core_t2m_max_europe_1952.nc;core_t2m_max_europe_1953.nc;core_t2m_max_europe_1954.nc;core_t2m_max_europe_1955.nc;core_t2m_max_europe_1956.nc;core_t2m_max_europe_1957.nc;core_t2m_max_europe_1958.nc;core_t2m_max_europe_1959.nc;core_t2m_max_europe_1960.nc;core_t2m_max_europe_1961.nc;core_t2m_max_europe_1962.nc;core_t2m_max_europe_1963.nc;core_t2m_max_europe_1964.nc;core_t2m_max_europe_1965.nc;core_t2m_max_europe_1966.nc;core_t2m_max_europe_1967.nc;core_t2m_max_europe_1968.nc;core_t2m_max_europe_1969.nc;core_t2m_max_europe_1970.nc;core_t2m_max_europe_1971.nc;core_t2m_max_europe_1972.nc;core_t2m_max_europe_1973.nc;core_t2m_max_europe_1974.nc;core_t2m_max_europe_1975.nc;core_t2m_max_europe_1976.nc;core_t2m_max_europe_1977.nc;core_t2m_max_europe_1978.nc;core_t2m_max_europe_1979.nc;core_t2m_max_europe_1980.nc;core_t2m_max_europe_1981.nc;core_t2m_max_europe_1982.nc;core_t2m_max_europe_1983.nc;core_t2m_max_europe_1984.nc;core_t2m_max_europe_1985.nc;core_t2m_max_europe_1986.nc;core_t2m_max_europe_1987.nc;core_t2m_max_europe_1988.nc;core_t2m_max_europe_1989.nc;core_t2m_max_europe_1990.nc;core_t2m_max_europe_1991.nc;core_t2m_max_europe_1992.nc;core_t2m_max_europe_1993.nc;core_t2m_max_europe_1994.nc;core_t2m_max_europe_1995.nc;core_t2m_max_europe_1996.nc;core_t2m_max_europe_1997.nc;core_t2m_max_europe_1998.nc;core_t2m_max_europe_1999.nc;core_t2m_max_europe_2000.nc;core_t2m_max_europe_2001.nc;core_t2m_max_europe_2002.nc;core_t2m_max_europe_2003.nc;core_t2m_max_europe_2004.nc;core_t2m_max_europe_2005.nc;core_t2m_max_europe_2006.nc;core_t2m_max_europe_2007.nc;core_t2m_max_europe_2008.nc;core_t2m_max_europe_2009.nc;core_t2m_max_europe_2010.nc;core_t2m_max_europe_2011.nc;core_t2m_max_europe_2012.nc;core_t2m_max_europe_2013.nc;core_t2m_max_europe_2014.nc;core_t2m_max_europe_2015.nc;core_t2m_max_europe_2016.nc;core_t2m_max_europe_2017.nc;core_t2m_max_europe_2018.nc;core_t2m_max_europe_2019.nc;core_t2m_max_europe_2020.nc;core_t2m_max_europe_2021.nc;core_t2m_max_europe_2022.nc;core_t2m_max_europe_2023.nc;core_t2m_max_europe_2024.nc;core_t2m_max_europe_2025.nc;core_t2m_max_europe_2026_through_20260831.nc
NOAA CORe,20,1983,273.72757,russo2015-noleap365-v1,223,Germany+France,77,core_t2m_max_europe_1950.nc;core_t2m_max_europe_1951.nc;core_t2m_max_europe_1952.nc;core_t2m_max_europe_1953.nc;core_t2m_max_europe_1954.nc;core_t2m_max_europe_1955.nc;core_t2m_max_europe_1956.nc;core_t2m_max_europe_1957.nc;core_t2m_max_europe_1958.nc;core_t2m_max_europe_1959.nc;core_t2m_max_europe_1960.nc;core_t2m_max_europe_1961.nc;core_t2m_max_europe_1962.nc;core_t2m_max_europe_1963.nc;core_t2m_max_europe_1964.nc;core_t2m_max_europe_1965.nc;core_t2m_max_europe_1966.nc;core_t2m_max_europe_1967.nc;core_t2m_max_europe_1968.nc;core_t2m_max_europe_1969.nc;core_t2m_max_europe_1970.nc;core_t2m_max_europe_1971.nc;core_t2m_max_europe_1972.nc;core_t2m_max_europe_1973.nc;core_t2m_max_europe_1974.nc;core_t2m_max_europe_1975.nc;core_t2m_max_europe_1976.nc;core_t2m_max_europe_1977.nc;core_t2m_max_europe_1978.nc;core_t2m_max_europe_1979.nc;core_t2m_max_europe_1980.nc;core_t2m_max_europe_1981.nc;core_t2m_max_europe_1982.nc;core_t2m_max_europe_1983.nc;core_t2m_max_europe_1984.nc;core_t2m_max_europe_1985.nc;core_t2m_max_europe_1986.nc;core_t2m_max_europe_1987.nc;core_t2m_max_europe_1988.nc;core_t2m_max_europe_1989.nc;core_t2m_max_europe_1990.nc;core_t2m_max_europe_1991.nc;core_t2m_max_europe_1992.nc;core_t2m_max_europe_1993.nc;core_t2m_max_europe_1994.nc;core_t2m_max_europe_1995.nc;core_t2m_max_europe_1996.nc;core_t2m_max_europe_1997.nc;core_t2m_max_europe_1998.nc;core_t2m_max_europe_1999.nc;core_t2m_max_europe_2000.nc;core_t2m_max_europe_2001.nc;core_t2m_max_europe_2002.nc;core_t2m_max_europe_2003.nc;core_t2m_max_europe_2004.nc;core_t2m_max_europe_2005.nc;core_t2m_max_europe_2006.nc;core_t2m_max_europe_2007.nc;core_t2m_max_europe_2008.nc;core_t2m_max_europe_2009.nc;core_t2m_max_europe_2010.nc;core_t2m_max_europe_2011.nc;core_t2m_max_europe_2012.nc;core_t2m_max_europe_2013.nc;core_t2m_max_europe_2014.nc;core_t2m_max_europe_2015.nc;core_t2m_max_europe_2016.nc;core_t2m_max_europe_2017.nc;core_t2m_max_europe_2018.nc;core_t2m_max_europe_2019.nc;core_t2m_max_europe_2020.nc;core_t2m_max_europe_2021.nc;core_t2m_max_europe_2022.nc;core_t2m_max_europe_2023.nc;core_t2m_max_europe_2024.nc;core_t2m_max_europe_2025.nc;core_t2m_max_europe_2026_through_20260831.nc
